Model,Technique,Precision (%),Recall (%),F1-Score (%),Support
Single Bi-LSTM,GedanBarai,100.0,95.24,97.56,21.0
Dual-Stem Fusion,GedanBarai,100.0,95.24,97.56,21.0
XGBoost,GedanBarai,95.24,95.24,95.24,21.0
Random Forest,GedanBarai,100.0,90.48,95.0,21.0
XGBoost,Gyakudzuki,100.0,100.0,100.0,26.0
Random Forest,Gyakudzuki,96.3,100.0,98.11,26.0
Dual-Stem Fusion,Gyakudzuki,100.0,96.15,98.04,26.0
Single Bi-LSTM,Gyakudzuki,92.86,100.0,96.3,26.0
Random Forest,MaeGeri,94.74,100.0,97.3,18.0
Dual-Stem Fusion,MaeGeri,90.0,100.0,94.74,18.0
XGBoost,MaeGeri,94.44,94.44,94.44,18.0
Single Bi-LSTM,MaeGeri,94.12,88.89,91.43,18.0
